<References xmlns="http://xmlns.oracle.com/adf/jndi">
  <Reference name="RESTSVCCONN" className="oracle.adf.model.connection.rest.RestConnection" xmlns="">
    <Factory className="oracle.adf.model.connection.rest.RestConnectionFactory"/>
    <RefAddresses>
      <XmlRefAddr addrType="RESTSVCCONN">
        <Contents>
          <restconnection name="RESTSVCCONN"
                          url="http://host:port/departmentApi/rest/latest/departments"/>
        </Contents>
      </XmlRefAddr>
    </RefAddresses>
  </Reference>
</References>