<?xml version="1.0" encoding="UTF-8" ?>
<pageDefinition xmlns="http://xmlns.oracle.com/adfm/uimodel" version="12.1.3.2.1" id="DepartmentPageDef"
                Package="com.mycompany.mobile.pageDefs">
  <parameters/>
  <executables>
    <variableIterator id="variables"/>
    <iterator Binds="root" RangeSize="25" DataControl="Department" id="DepartmentIterator"/>
    <accessorIterator MasterBinding="DepartmentIterator" Binds="departments" RangeSize="25" DataControl="Department"
                      BeanClass="com.mycompany.mobile.entity.Department" id="departmentsIterator"/>
  </executables>
  <bindings>
    <tree IterBinding="departmentsIterator" id="departments">
      <nodeDefinition DefName="com.mycompany.mobile.entity.Department" Name="departments0">
        <AttrNames>
          <Item Value="departmentName"/>
          <Item Value="departmentId"/>
        </AttrNames>
      </nodeDefinition>
    </tree>
  </bindings>
</pageDefinition>
