<?xml version="1.0" encoding="UTF-8" ?>
<pageDefinition xmlns="http://xmlns.oracle.com/adfm/uimodel" version="12.1.3.2.1" id="EmployessPageDef"
                Package="com.mycompany.mobile.pageDefs">
  <parameters/>
  <executables>
    <variableIterator id="variables"/>
    <iterator Binds="root" RangeSize="25" DataControl="Department" id="DepartmentIterator"/>
    <accessorIterator MasterBinding="DepartmentIterator" Binds="departments" RangeSize="25" DataControl="Department"
                      BeanClass="com.mycompany.mobile.entity.Department" id="departmentsIterator"/>
    <accessorIterator MasterBinding="departmentsIterator" Binds="employee" RangeSize="25" DataControl="Department"
                      BeanClass="com.mycompany.mobile.entity.Employee" id="employeeIterator"/>
  </executables>
  <bindings>
    <tree IterBinding="employeeIterator" id="employee">
      <nodeDefinition DefName="com.mycompany.mobile.entity.Employee" Name="employee0">
        <AttrNames>
          <Item Value="firstName"/>
          <Item Value="lastName"/>
        </AttrNames>
      </nodeDefinition>
    </tree>
    <attributeValues IterBinding="departmentsIterator" id="departmentName">
      <AttrNames>
        <Item Value="departmentName"/>
      </AttrNames>
    </attributeValues>
  </bindings>
</pageDefinition>
