<start>
    <resource>
        <name>workOrdersMetrics</name>
        <display-name>Work Orders Metrics</display-name>
        <description>Member Resource for Work Orders Metrics</description>
        <type-name-ref>RestServiceResourceType</type-name-ref>
    </resource>
    <resource>
        <name>workOrders</name>
        <display-name>Work Orders</display-name>
        <description>Member Resource for Work Orders</description>
        <type-name-ref>RestServiceResourceType</type-name-ref>
    </resource>
    <permission-set>
        <name>WIP_GET_WORK_ORDERS_SERVICE_PRIV</name>
        <display-name>Get Work Orders by Service</display-name>
        <description>Allows retrieval of work order information including work order header, operations, materials,
                     resources, and serial numbers, using a web service.</description>
        <member-resources>
            <member-resource>
                <resource-name>workOrders</resource-name>
                <type-name-ref>RestServiceResourceType</type-name-ref>
                <display-name>Work Orders</display-name>
                <actions>get,describe</actions>
            </member-resource>
            <member-resource>
                <resource-name>workOrdersMetrics</resource-name>
                <type-name-ref>RestServiceResourceType</type-name-ref>
                <display-name>Work Orders Metrics</display-name>
                <actions>get,describe</actions>
            </member-resource>
        </member-resources>
    </permission-set>
    <role>
        <name>WIE_PRODUCTION_SUPERVISOR_JOB</name>
        <guid>2FDF08746926DB37EE506028EAFF9801</guid>
        <display-name>Production Supervisor</display-name>
        <description>Individual responsible for planning, directing and coordinating production operations and
                     activities in a manufacturing organization. This person ensures product output and quality meet
                     established goals while remaining on budget.</description>
        <members>
            <member>
                <type>user</type>
                <name>MFG_QA</name>
            </member>
            <member>
                <type>user</type>
                <name>PRODUCTION_SUPERVISOR</name>
            </member>
            <member>
                <type>role</type>
                <name>WIE_PRODUCTION_SUPERVISOR_M1_SEATTLE_MANUFACTURING_DATA</name>
            </member>
            <member>
                <type>role</type>
                <name>WIE_PRODUCTION_SUPERVISOR_M2_BOSTON_MANUFACTURING_DATA</name>
            </member>
            <member>
                <type>role</type>
                <name>WIE_PRODUCTION_SUPERVISOR_V1_VISION_OPERATIONS_DATA</name>
            </member>
        </members>
    </role>
    <app-role>
        <name>ORA_WIE_PRODUCTION_SUPERVISOR_JOB</name>
        <display-name>Production Supervisor</display-name>
        <description>Individual responsible for planning, directing and coordinating production operations and
                     activities in a manufacturing organization. This person ensures product output and quality meet
                     established goals while remaining on budget.</description>
        <guid>08DE4FE84644194944499B20B283BB49</guid>
        <class>oracle.security.jps.service.policystore.ApplicationRole</class>
        <extended-attributes>
            <attribute>
                <name>ROLE_CATEGORY</name>
                <values>
                    <value>SCM_JOB</value>
                </values>
            </attribute>
        </extended-attributes>
        <members>
            <member>
                <class>oracle.security.jps.internal.core.principals.JpsXmlEnterpriseRoleImpl</class>
                <name>WIE_PRODUCTION_SUPERVISOR_JOB</name>
            </member>
        </members>
    </app-role>
    <app-role>
        <name>ORA_WIE_MANUFACTURING_PRODUCTION_SERVICE_DUTY</name>
        <display-name>Production REST Services</display-name>
        <description>Provides service access using REST Services to manufacturing work set up and work execution.</description>
        <guid>F24F9DBF7792E661F5DB0338D7665C5E</guid>
        <class>oracle.security.jps.service.policystore.ApplicationRole</class>
        <extended-attributes>
            <attribute>
                <name>APPLICATION_NAME</name>
                <values>
                    <value>Manufacturing</value>
                </values>
            </attribute>
            <attribute>
                <name>ROLE_CATEGORY</name>
                <values>
                    <value>SCM_DUTY</value>
                </values>
            </attribute>
        </extended-attributes>
        <members>
            <member>
                <class>oracle.security.jps.service.policystore.ApplicationRole</class>
                <name>ORA_WIE_PRODUCTION_SUPERVISOR_JOB</name>
                <guid>08DE4FE84644194944499B20B283BB49</guid>
            </member>
        </members>
    </app-role>
    <grant>
        <grantee>
            <principals>
                <principal>
                    <class>oracle.security.jps.service.policystore.ApplicationRole</class>
                    <name>ORA_WIE_MANUFACTURING_PRODUCTION_SERVICE_DUTY</name>
                    <guid>F24F9DBF7792E661F5DB0338D7665C5E</guid>
                </principal>
            </principals>
        </grantee>
        <permission-set-refs>
            <permission-set-ref>
                <name>ENQ_MANAGE_QUALITY_ISSUE_PRIV</name>
            </permission-set-ref>
            <permission-set-ref>
                <name>WIP_GET_PRODUCTION_EXCEPTIONS_SERVICE_PRIV</name>
            </permission-set-ref>
            <permission-set-ref>
                <name>WIP_GET_WORK_ORDERS_SERVICE_PRIV</name>
            </permission-set-ref>
            <permission-set-ref>
                <name>WIP_REPORT_TRANSACTIONS_SERVICE_PRIV</name>
            </permission-set-ref>
            <permission-set-ref>
                <name>WIP_UPDATE_WORK_ORDERS_SERVICE_PRIV</name>
            </permission-set-ref>
            <permission-set-ref>
                <name>WIS_GET_MFG_PLANT_SETUP_SERVICE_PRIV</name>
            </permission-set-ref>
        </permission-set-refs>
    </grant>
</start>
