<?xml version="1.0" encoding="windows-1252" ?>
<adfc-mobile-config xmlns="http://xmlns.oracle.com/adf/controller" version="1.0">
  <task-flow-definition id="dept-task-flow">
    <default-activity>Department</default-activity>
    <view id="Department">
      <page>/Department.amx</page>
    </view>
    <view id="Employess">
      <page>/Employess.amx</page>
    </view>
    <control-flow-rule id="__1">
      <from-activity-id>Department</from-activity-id>
      <control-flow-case id="__2">
        <from-outcome>emp</from-outcome>
        <to-activity-id>Employess</to-activity-id>
      </control-flow-case>
    </control-flow-rule>
    <page-flow-scope-behavior>
      <push-new/>
    </page-flow-scope-behavior>
  </task-flow-definition>
</adfc-mobile-config>
